tahun,kabupaten_kota,populasi_ribu,laju_pertumbuhan_pct,pct_total_populasi,kepadatan_jiwa_km2,rasio_jenis_kelamin
2010,Banggai,323.6,1.73,12.28,33.0,104.5
2010,Banggai Kepulauan,171.6,1.37,6.51,53.0,102.6
2010,Banggai Laut,,,,,
2010,Buol,132.3,2.31,5.02,33.0,105.8
2010,Donggala,277.6,1.49,10.54,53.0,105.4
2010,Kota Palu,336.5,1.71,12.77,852.0,101.9
2010,Morowali,206.3,2.16,7.83,13.0,107.7
2010,Morowali Utara,,,,,
2010,Parigi Moutong,413.6,,15.7,66.0,106.0
2010,Poso,209.2,2.43,7.94,24.0,108.2
2010,Sigi,215.0,,8.16,41.0,106.2
2010,Sulawesi Tengah,2635.0,1.95,100.0,39.0,105.2
2010,Tojo Una-Una,137.8,,5.23,24.0,105.4
2010,Toli-Toli,211.3,1.26,8.02,52.0,104.8
2017,Banggai,365.6,1.69,12.33,38.0,103.5
2017,Banggai Kepulauan,116.8,0.89,3.94,47.0,101.7
2017,Banggai Laut,72.3,2.1,2.44,100.0,101.4
2017,Buol,155.6,2.26,5.25,38.0,105.1
2017,Donggala,299.2,1.02,10.09,70.0,104.6
2017,Kota Palu,379.8,1.68,12.8,961.0,101.1
2017,Morowali,117.3,1.92,3.96,39.0,104.4
2017,Morowali Utara,123.0,2.34,4.15,12.0,109.1
2017,Parigi Moutong,474.3,1.92,15.99,93.0,105.0
2017,Poso,246.0,2.27,8.29,35.0,107.3
2017,Sigi,234.6,1.2,7.91,45.0,105.5
2017,Sulawesi Tengah,2966.3,1.65,100.0,48.0,104.3
2017,Tojo Una-Una,150.8,1.24,5.08,26.0,104.6
2017,Toli-Toli,231.0,1.23,7.79,57.0,103.9
2018,Banggai,371.3,1.67,12.33,38.0,103.5
2018,Banggai Kepulauan,117.6,0.87,3.91,47.0,101.7
2018,Banggai Laut,73.7,2.08,2.45,102.0,101.4
2018,Buol,158.8,2.24,5.28,39.0,105.0
2018,Donggala,301.6,1.0,10.02,71.0,104.4
2018,Kota Palu,385.6,1.66,12.81,976.0,101.1
2018,Morowali,119.3,1.89,3.96,39.0,104.3
2018,Morowali Utara,125.6,2.31,4.17,13.0,109.0
2018,Parigi Moutong,482.8,1.9,16.04,95.0,105.0
2018,Poso,251.2,2.25,8.34,35.0,107.1
2018,Sigi,237.0,1.18,7.87,46.0,105.3
2018,Sulawesi Tengah,3010.4,1.63,100.0,49.0,104.2
2018,Tojo Una-Una,152.5,1.23,5.07,27.0,104.4
2018,Toli-Toli,233.4,1.2,7.75,57.0,103.9
2019,Banggai,376.8,1.65,12.34,39.0,103.5
2019,Banggai Kepulauan,118.4,0.84,3.88,48.0,101.7
2019,Banggai Laut,75.0,2.05,2.46,103.0,101.0
2019,Buol,162.2,2.23,5.31,40.0,104.8
2019,Donggala,304.1,0.98,9.96,71.0,104.4
2019,Kota Palu,391.4,1.64,12.82,991.0,100.9
2019,Morowali,121.3,1.87,3.97,40.0,104.2
2019,Morowali Utara,128.3,2.29,4.2,13.0,109.0
2019,Parigi Moutong,490.9,1.88,16.07,96.0,105.0
2019,Poso,256.4,2.23,8.4,36.0,107.1
2019,Sigi,239.4,1.16,7.84,46.0,105.1
2019,Sulawesi Tengah,3054.0,1.61,100.0,49.0,104.2
2019,Tojo Una-Una,154.0,1.2,5.04,27.0,104.5
2019,Toli-Toli,235.8,1.18,7.72,58.0,103.9
2020,Banggai,362.3,1.1,12.13,44.0,104.4
2020,Banggai Kepulauan,120.1,0.91,4.02,50.0,103.0
2020,Banggai Laut,70.4,1.2,2.36,102.0,102.2
2020,Buol,145.3,0.91,4.86,39.0,105.7
2020,Donggala,300.4,0.77,10.06,59.0,106.3
2020,Kota Palu,373.2,1.01,12.5,1047.0,100.8
2020,Morowali,161.7,4.54,5.42,36.0,122.9
2020,Morowali Utara,120.8,1.45,4.05,14.0,108.9
2020,Parigi Moutong,440.0,0.6,14.74,76.0,105.5
2020,Poso,244.9,1.53,8.2,32.0,107.1
2020,Sigi,257.6,1.76,8.63,49.0,105.6
2020,Sulawesi Tengah,2985.7,1.22,100.0,48.0,100.0
2020,Tojo Una-Una,163.8,1.69,5.49,29.0,105.8
2020,Toli-Toli,225.2,0.62,7.54,61.0,104.5
2024,Banggai,377.6,1.11,12.1,46.0,103.7
2024,Banggai Kepulauan,124.6,0.97,3.99,52.0,102.3
2024,Banggai Laut,74.0,1.33,2.37,108.0,101.8
2024,Buol,152.4,1.28,4.88,41.0,105.3
2024,Donggala,311.0,0.93,9.96,61.0,105.5
2024,Kota Palu,392.5,1.35,12.57,1101.0,100.6
2024,Morowali,173.3,1.86,5.55,39.0,122.1
2024,Morowali Utara,127.9,1.53,4.1,15.0,108.8
2024,Parigi Moutong,459.8,1.18,14.73,79.0,105.0
2024,Poso,254.1,0.99,8.14,34.0,106.1
2024,Sigi,270.0,1.26,8.65,52.0,104.7
2024,Sulawesi Tengah,3121.8,1.2,100.0,51.0,105.2
2024,Tojo Una-Una,170.8,1.12,5.47,31.0,106.1
2024,Toli-Toli,233.9,1.02,7.49,63.0,104.0
2025,Banggai,381.4,1.03,12.08,46.0,103.6
2025,Banggai Kepulauan,125.7,0.91,3.98,53.0,102.1
2025,Banggai Laut,74.9,1.25,2.37,109.0,101.7
2025,Buol,154.2,1.2,4.88,41.0,105.2
2025,Donggala,313.6,0.86,9.94,61.0,105.3
2025,Kota Palu,397.5,1.27,12.59,1115.0,100.5
2025,Morowali,176.1,1.72,5.58,39.0,121.9
2025,Morowali Utara,129.6,1.42,4.11,15.0,108.8
2025,Parigi Moutong,464.8,1.1,14.73,80.0,104.8
2025,Poso,256.4,0.93,8.13,34.0,105.9
2025,Sigi,273.2,1.19,8.66,52.0,104.5
2025,Sulawesi Tengah,3156.1,1.12,100.0,51.0,105.1
2025,Tojo Una-Una,172.6,1.05,5.47,31.0,106.1
2025,Toli-Toli,236.0,0.95,7.48,64.0,103.8
2026,Banggai,385.1,1.07,12.07,47.0,102.0
2026,Banggai Kepulauan,126.9,0.95,3.98,53.0,105.0
2026,Banggai Laut,75.8,1.29,2.38,111.0,104.3
2026,Buol,155.9,1.24,4.89,42.0,103.7
2026,Donggala,316.2,0.89,9.91,62.0,105.7
2026,Kota Palu,402.4,1.32,12.62,1131.0,108.6
2026,Morowali,178.7,1.75,5.6,40.0,103.4
2026,Morowali Utara,131.4,1.47,4.12,15.0,101.7
2026,Parigi Moutong,469.7,1.14,14.72,81.0,105.1
2026,Poso,258.8,0.96,8.11,34.0,121.6
2026,Sigi,276.6,1.24,8.67,53.0,106.2
2026,Sulawesi Tengah,3189.8,1.16,100.0,52.0,100.5
2026,Tojo Una-Una,174.4,1.09,5.47,31.0,104.7
2026,Toli-Toli,238.1,0.97,7.46,64.0,105.1
